eventId,snapshots,high_demand_snapshots,high_demand_rate
67d47ab6bfc8c878ac7b223f,1,0,0.0
67db14e20a9ac35ebea470d8,4,0,0.0
68375c4722078c7143b1bd23,20,7,35.0
68408d3f367fc71acaee0d13,19,8,42.10526315789473
68448a668f9f746f2a898758,15,7,46.666666666666664
6849ce1aa37d40af361fe1cf,1,0,0.0
684f10a2d1ecf5eebbd402ad,2,0,0.0
685305f7105233896dd39e1f,10,3,30.0
685305f7203403384c548fda,4,2,50.0
6855a93b0efbb3f4bd136c76,10,5,50.0
685c46cb257150c9e9d0328b,16,5,31.25
685c46cbafd43c068f64530c,12,4,33.33333333333333
6890fb2a66c04e6f6dcb6c1e,2,1,50.0
689154f566b28b4c43444107,2,1,50.0
68a3a8815f4d5e82ae0f51f7,3,0,0.0
68a4f97666827ffb0bbdcfee,6,1,16.666666666666664
68a4fe82e3546edfeda0acf5,5,3,60.0
68a5011b9d0a163480c7b414,10,4,40.0
68a51c033fc7c9fbd87e4e21,13,6,46.15384615384615
68a64ff56ea41c3bc3bffe5c,1,0,0.0
68a6527cd375b78ec2eca63b,1,0,0.0
68b9fa075f1ef86c59a7ca29,1,0,0.0
68bf5e4970e7de421816faa3,9,5,55.55555555555556
68c4641aff50f03802e4aeb6,20,6,30.0
68c8790e83d99c89a285a5fc,3,1,33.33333333333333
68c87cd9e6a1cd8e99b5f17c,17,8,47.05882352941176
68c8908586ac1368c768250e,13,5,38.46153846153847
68ca013caffe6ceeaddb7c62,15,6,40.0
68cc6a08f3e962593d7b575a,3,1,33.33333333333333
68cc707715c05ec77790629b,3,1,33.33333333333333
68cc89e20ad62c9e0b0fbaf3,17,6,35.294117647058826
68ce2cb2cb850397b9d2fe77,18,6,33.33333333333333
68ce2e557ffced877fc2f762,10,3,30.0
68ce339d302bab3cec86b38d,17,7,41.17647058823529
68ce33eb7965bba4350a1d4c,8,3,37.5
68ce343508eeb31bf53024c2,20,7,35.0
68d45a341a9f72b6c98a3d50,1,0,0.0
68d6f6b93b53c09eb0039702,1,0,0.0
68d6f6ba776b4e0a4aced255,1,0,0.0
68d9d5103b53c09eb0050181,1,0,0.0
68dc5b75eb36094bcee419cc,1,0,0.0
68dc5bb4e9d137f3afb19ed2,1,0,0.0
68df6f5100fe30f26b53dcbe,18,8,44.44444444444444
68e47ffea8ae775eb2fa197d,4,0,0.0
68e57a5100fe30f26b55fb51,1,0,0.0
68e5967fa8ae775eb2fa7d33,3,0,0.0
68ef26324b8cf1f55d1468ce,3,0,0.0
68f05736754fe6362dec6119,1,0,0.0
68f69abba1df084bdd675179,19,4,21.052631578947366
68f80b6985db4d8736f82357,14,3,21.428571428571427
68f80c2778455775b227e791,7,2,28.57142857142857
68f90d1ca0ba98513eb1f710,1,0,0.0
68fa48b9435db56a5f601af6,1,0,0.0
68fa75a144c2d436912eadbd,1,0,0.0
68fa9473f154587f76906faf,6,2,33.33333333333333
68faadf2d25d2b3acf8e793d,1,0,0.0
69027ddc773615b29146a4ea,2,0,0.0
69027e2b168028b2133774ed,6,1,16.666666666666664
69027e33d37809246688e411,1,0,0.0
6903c98e896ac8e72dae3255,1,0,0.0
6903ca4dd3780924668914cd,2,0,0.0
690934004554b4c817d285e7,2,0,0.0
690a4aa0538ffa108948602b,1,0,0.0
690a85cc395aa528b31b4509,5,1,20.0
690d2258225d37a3c5922451,5,0,0.0
690d240579ecc8af2db4cf3a,2,0,0.0
69126d22fcf50d5cd7451759,16,7,43.75
6912a56b0f5f7f1349859bf0,1,0,0.0
6913da5d936788f7132f780a,1,0,0.0
6913db210f5f7f134985f953,5,1,20.0
691ff2ef6d18fb6a95e1bbf0,1,0,0.0
69247b0399ac8743f35ba60e,2,0,0.0
6925dd119d995599d27a96bc,1,0,0.0
6925fcc9230b438ae83e838c,4,1,25.0
692dfa299586b57d52a82deb,9,2,22.22222222222222
692f4eaed10fb49e8d48f22b,6,1,16.666666666666664
692f52716d38d96a83e64a9a,4,0,0.0
69320b7b18f984723551fdb2,4,0,0.0
69322eaf5c52bbb3188af92d,2,0,0.0
693735e5cba2f285be870462,1,0,0.0
693750ac3760ce8f17bd4124,16,6,37.5
693750cbc7267e811be6350b,15,5,33.33333333333333
69375163bf16b1e2aa80d798,18,9,50.0
6937519f568b632a74e42cff,17,9,52.94117647058824
693751e4568b632a74e42d5b,12,4,33.33333333333333
69375219cd07d4e1c49cc94f,15,6,40.0
693752a2754dd3549b55eebe,17,8,47.05882352941176
693755296d38d96a83e8eb86,16,7,43.75
69375825abcf240fe63e134b,17,5,29.411764705882355
6938a2aac9a311c0791d3084,1,0,0.0
6938db7764be9fa558d2487d,7,2,28.57142857142857
693967bc2eb8712c4375e887,19,4,21.052631578947366
6941f941e80a98768eda0937,2,0,0.0
6941fdebdb878dc1544da753,7,0,0.0
6941ff470f62684c194e7682,3,0,0.0
69423071d314619d19198d7d,12,5,41.66666666666667
696681240866b8f0534bfa5d,1,0,0.0
6969174cb0fc312c146897d3,1,0,0.0
69696cd55343b91efcf462d2,2,1,50.0
696d60711be69d90f74dad40,1,0,0.0
696fae864a780db1d4f256bd,1,0,0.0
696fe43ea590240b0293894d,1,0,0.0
6979072d60b5f17899b71113,1,0,0.0
697d121a842bd8f2db85c4f2,1,0,0.0
69817b5f8d8cb3b45d5e4f1d,1,0,0.0
69817b6a37d36be3f69c58fb,1,0,0.0
69817bbd122694f519391999,1,0,0.0
698bb56362266bf36e9d126b,1,0,0.0
698bd2ab62266bf36e9d24f0,1,0,0.0
698defda443f74e43a3ac6c6,1,0,0.0
698e89b0058380a3f885a13d,1,0,0.0
69939897a38a8fd815684397,1,0,0.0
6994c1d8794bf7c95c29805e,1,0,0.0
699505a9794bf7c95c29a322,1,0,0.0
69950b32bf0d897cc8133b0e,1,0,0.0
69950b89a52b757a21a379ad,1,0,0.0
69950c8f0b385355094a60b1,1,0,0.0
699d963a18e82d9e339b12df,1,0,0.0
699e5bfb12c013fa8c0cc8dc,1,0,0.0
699e5c531cd40bb0bd7b30d8,1,0,0.0
699e5e7215e13cab1a9a0eb0,2,0,0.0
699f2294706fb45056224d7a,1,0,0.0
69a09340691e51dd746aa194,1,0,0.0
69a234fdb30731ab40ce962e,1,0,0.0
69a2a5108f90e02eb2c777dc,1,0,0.0
69a612ffaac40370263c0dc2,1,0,0.0
69a64a84f5ed06b6ebca254c,1,0,0.0
69a779963f2fa16073689356,1,0,0.0
69a8d248bc473963abdb947c,1,0,0.0
69a8e9d3e79c2333def0cc83,1,0,0.0
69af2369d28b962add8d8fcd,1,0,0.0
69af2b77ffe032e335f45690,1,0,0.0
69af31368316f79434ee8fb5,1,0,0.0
69b1798808e8c6c16739c0ac,1,0,0.0
69b31ff344be5dd4efa937ee,1,0,0.0
69b32734f05aa5e27317374c,1,0,0.0
69b712f43e999b8c79e9ceab,1,0,0.0
69b86b87406a82ff724f23ad,1,0,0.0
69b86c9b3e30bf26f5d1b0d8,1,0,0.0
69b8c0ebadb7c4b16b684c95,1,0,0.0
69b9bd3d229a6eabf851c528,1,0,0.0
69b9bd4cd40a28f4c61a83d4,1,0,0.0
69b9d4cfedb6fee4943f7da3,1,0,0.0
69b9d7709744236cc1812214,1,0,0.0
69b9d8278180451a257c5381,1,0,0.0
69ba2e3109d34c520d8bc387,1,0,0.0
69bb4726ec55c28db15592ee,1,0,0.0
69bc44ef52f2b00ab8aa6baf,1,0,0.0
69bc76e3d358805c635677d8,1,0,0.0
69c1a6bb5f8257e5ae15f4ea,1,0,0.0
69c2f10bbd4aaf0276f8981e,1,0,0.0
69c2f2dd4be9023a0587c41c,1,0,0.0
69c2f7a12719909ada8aa7a9,1,0,0.0
69c2f8bcec5fd961a535a893,1,0,0.0
69c3578d0690bd5f30407ac8,1,0,0.0
69c56eb52b7b76f2b674d652,1,0,0.0
69c6d05f59ef0dfdcf0c0e25,1,0,0.0
69c6ed9ee9333704d34b221b,1,0,0.0
69c9a89e57fc37c3ae876b38,1,0,0.0
69cae1ab0c40c3b79ef113c5,1,0,0.0
69cafd056ac7b91b3666f792,1,0,0.0
69cc124802e3e0723c646c5a,1,0,0.0
69cc484f3f00af7d933cfa43,1,0,0.0
69cc491e67e6a381847de91e,2,0,0.0
69d470bdead8a3249102e1c1,1,0,0.0
69d5872c298b95f6adb3921b,1,0,0.0
69d5a59339501228557e139c,1,0,0.0
69d5bcf5c94c6cd0044d8fdb,1,0,0.0
69d6f0733dcc5b72b14e1c97,1,0,0.0
69d6f5efdca705abb79e1668,1,0,0.0
69d6f61c46045f67dc4be6a8,1,0,0.0
69dd543f900ab3fc1da7b297,1,0,0.0
69dd71ee5beecedd1cca1801,1,0,0.0
69ddc32ef449ee8ebe04bc90,1,0,0.0
69dea3a324de36c49a8dc999,1,0,0.0
69ded993f5b4fc7ff426d444,1,0,0.0
69e53b86d2d65408693f2275,1,0,0.0
69e548109053ee03e2a196a0,1,0,0.0
69e54c37cffd3e1dc67fa85d,1,0,0.0
69e7c196adafea900a6ffc42,1,0,0.0
69e7c67313cab34e0087ed27,1,0,0.0
69e7ca128cf7a844f3388175,1,0,0.0
69e7cffa827a894f19241686,1,0,0.0
69eaa135145da0953937c4af,1,0,0.0
69efecef0426fd3a487825f2,1,0,0.0
69efff6f477f0263e5fb73fc,1,0,0.0
69f13463e7bec54e303443c1,1,0,0.0
69f164808bdc6fabba426a71,1,0,0.0
69f29583b18e9f37d3eb01e0,1,0,0.0
69f4014c35c3de5b2e7df78f,1,0,0.0
69f8c10d1db1248308664da1,1,0,0.0
69fa935da2bcbfc40cd632b9,1,0,0.0
69fa945faf534104152d99af,1,0,0.0
69fa98db5ab28fdc0e620623,1,0,0.0
69fa9b129d2b37148dcb2b0b,1,0,0.0
69fab9319d2b37148dcb2b4b,1,0,0.0
69fd0eadce0b22ca8ee03c3b,1,0,0.0
6a023a01bee6e02f19f808ae,1,0,0.0
6a02485924660f247c7daff7,1,0,0.0
6a0249655e6f5bb289f49330,1,0,0.0
6a0370042053ee4e5626126c,1,0,0.0
6a0376259c6b6db2d6e97431,1,0,0.0
6a04738fbf6018ef0964df1e,1,0,0.0
6a0b8933e4a7bd4502e182b6,1,0,0.0
6a0cc8922c93a4596c314ade,1,0,0.0
6a15df021aa068c2562aa31e,1,0,0.0
6a160c6dc2fb5cd8e12e1d58,1,0,0.0
6a180a723411e146c2db509b,2,0,0.0
6a1df4a93e64325f50b629ba,1,0,0.0
6a1f9f9041de8b584eb8d232,1,0,0.0
6a26c88fc88db4c685fabd4a,1,0,0.0
6a26dd8a152a33e7b6ed5d39,1,0,0.0
6a2834a3d83620696887958a,1,0,0.0
6a2875c4f4eab729e0a360e7,1,0,0.0
6a287763877dd424dab128f0,1,0,0.0
6a28a0437b68efe85deefe2d,1,0,0.0
6a28e96203ea4ca66fae24ab,1,0,0.0
6a2a0c140dd83c51327fa7d3,1,0,0.0
6a2a0f329f42deca50f57191,1,0,0.0
6a2c68a97adda9013f008804,1,0,0.0
6a2d8802fd37f8aee5373f46,1,0,0.0
6a2dac4650f6075157d7be0e,1,0,0.0
6a2eda8b559740e1f49753ad,1,0,0.0
6a306b1a63a201600e1e03be,1,0,0.0
6a306b7a91aac270adcd4233,1,0,0.0
6a318256389622bbc39b8508,1,0,0.0
6a31b5dcbacf9d2e0c5efd56,1,0,0.0
6a31b616c918add374a69ed6,1,0,0.0
6a31f1c87fbb77f3eab9ba08,1,0,0.0
6a32ef11ad015ef9009ad8cb,1,0,0.0
6a32f25b70b45918ef9447c3,1,0,0.0
6a330a8a9ae9dbbcfacf6826,1,0,0.0
6a345447cf7abdc737451578,1,0,0.0
6a39abf3b5a86593a5c0be06,1,0,0.0
6a3c33c3c034455525e4f4e4,1,0,0.0
6a3c347d1c3e66fa45122799,1,0,0.0
6a3c39560a295169615841be,1,0,0.0
6a3c3a7a6baebca1157c9c17,1,0,0.0
6a3c3c0762a6b8e4ef4edbed,1,0,0.0
6a3c3c0ff5e9b5238c3b2795,1,0,0.0
6a3c3d20f2fc88cb55be8d54,1,0,0.0
6a3c45f2d86c9a2334f9aaeb,1,0,0.0
6a3c46aeefab5e53d072c995,1,0,0.0
6a3c49efa6254330ee3ac2e3,1,0,0.0
6a3c6b251c3e66fa45122870,1,0,0.0
6a3c6c5f5721b1a6dab31192,1,0,0.0
6a3cbf8856a0ded026677434,1,0,0.0
6a3cc17bd86c9a2334f9abee,1,0,0.0
6a3df62e9f35ac0936dd84c4,1,0,0.0
6a42b08199a947a059baf2b9,1,0,0.0
6a43adf6208fc0455efb99d8,1,0,0.0
6a43b2d61176fbe1d25950f0,1,0,0.0
6a43cbb2dbe778966b9cc3bd,1,0,0.0
6a44070a73908aeca513e20b,1,0,0.0
6a4473fdbe404d0f38553bfd,1,0,0.0
6a4555b2742de04a1badc6e2,1,0,0.0
6a4c07a8e704f7c52759f615,1,0,0.0
6a4c0ce4ee15f640c41521b0,1,0,0.0
6a4c149d1c794edcc286d32b,1,0,0.0
6a4c15d39fcfe69765247f36,1,0,0.0
6a4c52fecd6a95f181422735,1,0,0.0
6a4d957c6afea82401edfb06,1,0,0.0
6a4d95c6aa7ef1643cb8769f,1,0,0.0
6a4d9699c6c28f86f8892617,1,0,0.0
6a4d9777ca77c7c1cf7c739e,1,0,0.0
6a4de53a3ba36e9a9f4a09db,1,0,0.0
6a4e3911c6c28f86f8892717,1,0,0.0
6a4ecbc67d247547fec9eed0,1,0,0.0
6a53c88c6a0f8191312f3d4f,1,0,0.0
6a5531b9a67b355142ea0116,1,0,0.0
6a5537b19b3341ed5852b4c1,1,0,0.0
6a55728aa67b355142ea0194,1,0,0.0
6a566b23af6c873ce89d4789,1,0,0.0
6a5683bc53dbb8991406fb6f,1,0,0.0
6a568919fad530d966f5ed0f,1,0,0.0
6a568de0422171c9e2ba7613,1,0,0.0
6a5918d3179ff4e271589ea8,1,0,0.0
6a591a0227775603178460d8,1,0,0.0
6a591e506a9e336ce1dd3538,1,0,0.0
6a59204964293906560f8fd5,1,0,0.0
6a5e0b03a4d8b5d7c01ac959,1,0,0.0
6a5ef16399d126c052c5e53b,1,0,0.0
6a5ef7cb845610ba957a5af8,1,0,0.0
6a60434f75753352d3ae7634,1,0,0.0
6a6060c5335bb220ec1d7ee0,1,0,0.0
6a62a97419f04001328acde4,1,0,0.0
6a62ac9ce66bd63637863792,1,0,0.0
6a62acca0fe663af33ee0b44,1,0,0.0
6a62b1f4029fe111e2f20eed,1,0,0.0
6a635c33c524853202f97ee3,1,0,0.0
6a63c8f07243387ef48d07c6,1,0,0.0
6a6a7b8120f41374d497c341,1,0,0.0
6a6a91fb9337d243f888c505,1,0,0.0
6a6ab2dfd3ba58e6ab500532,1,0,0.0
6a6aecb3f041935637c3e438,1,0,0.0
6a6aecfacb814b7ed1d378b6,1,0,0.0
6a6b3b025424d073a46b9318,1,0,0.0
6a6b3b6a6d73e55842bdd063,1,0,0.0
6a6b3c120c197b3ae7aacb30,1,0,0.0
6a6b3c122c9e66f995cc32c2,1,0,0.0
6a6b4e246bc5e4e9dd253a80,1,0,0.0
