days_until_event,observations,high_demand_rate
0.12,1,0.0
0.96,5,0.0
1.0,2,0.0
1.02,1,0.0
1.04,1,0.0
1.08,2,0.0
1.12,1,0.0
1.21,1,0.0
1.96,3,0.0
1.98,1,0.0
2.0,2,0.0
2.08,3,0.0
2.12,2,0.0
2.96,4,0.0
3.0,2,0.0
3.08,3,66.66666666666666
3.12,2,100.0
3.79,1,0.0
3.96,3,33.33333333333333
3.98,1,0.0
4.0,24,4.166666666666666
4.04,19,0.0
4.08,8,0.0
4.12,14,0.0
4.14,1,0.0
4.17,1,0.0
4.19,1,0.0
4.21,1,0.0
4.23,1,0.0
4.96,2,100.0
5.0,3,66.66666666666666
5.08,2,0.0
5.12,1,100.0
5.17,1,0.0
5.96,3,0.0
6.0,2,0.0
6.08,3,66.66666666666666
6.12,1,0.0
6.96,4,25.0
7.0,1,100.0
7.08,1,0.0
7.12,1,0.0
7.96,4,75.0
8.0,1,0.0
8.08,2,0.0
8.12,1,0.0
8.96,5,20.0
8.98,2,0.0
9.0,2,50.0
9.04,1,0.0
9.08,1,100.0
9.96,4,25.0
9.98,2,50.0
10.0,1,0.0
10.04,2,0.0
10.12,1,0.0
10.96,5,40.0
10.98,2,50.0
11.0,2,50.0
11.04,1,0.0
11.08,1,100.0
11.12,1,0.0
11.96,5,40.0
11.98,1,0.0
12.0,1,100.0
12.04,1,0.0
12.12,1,0.0
12.96,1,100.0
12.98,1,0.0
13.0,1,0.0
13.04,1,0.0
13.12,1,0.0
13.96,3,33.33333333333333
13.98,2,0.0
14.0,1,100.0
14.12,1,0.0
14.96,2,0.0
14.98,2,50.0
15.04,1,0.0
15.08,1,0.0
15.12,1,0.0
15.96,3,66.66666666666666
15.98,2,50.0
16.0,3,0.0
16.04,1,0.0
16.08,1,0.0
16.12,1,100.0
16.96,2,0.0
16.98,1,0.0
17.0,3,0.0
17.04,3,0.0
17.08,2,50.0
17.12,2,0.0
17.96,1,0.0
17.98,2,100.0
18.0,4,50.0
18.04,2,100.0
18.08,1,100.0
18.96,3,66.66666666666666
18.98,1,0.0
19.0,3,0.0
19.04,2,0.0
19.12,1,100.0
19.96,2,50.0
19.98,1,100.0
20.0,3,33.33333333333333
20.04,2,0.0
20.08,2,0.0
20.96,2,50.0
21.0,3,66.66666666666666
21.04,3,66.66666666666666
21.08,1,0.0
21.96,2,0.0
21.98,1,0.0
22.0,3,66.66666666666666
22.04,2,100.0
22.08,2,50.0
22.12,1,0.0
22.96,3,0.0
23.0,4,0.0
23.04,4,0.0
23.06,1,0.0
23.08,1,0.0
23.12,2,0.0
23.96,2,0.0
24.0,5,40.0
24.04,2,0.0
24.08,1,100.0
24.12,1,0.0
24.96,3,33.33333333333333
25.0,6,16.666666666666664
25.04,3,66.66666666666666
25.08,1,100.0
25.96,2,50.0
26.0,3,66.66666666666666
26.04,2,100.0
26.1,1,0.0
26.96,2,50.0
27.0,4,75.0
27.04,3,0.0
27.94,3,0.0
27.96,3,66.66666666666666
27.97,1,0.0
27.98,1,0.0
27.99,1,0.0
28.0,3,0.0
28.04,1,100.0
28.06,2,0.0
28.08,1,0.0
28.12,1,0.0
28.98,1,0.0
29.0,4,0.0
29.04,2,0.0
29.96,1,100.0
29.98,1,100.0
30.0,3,66.66666666666666
30.04,2,0.0
30.1,1,0.0
30.12,2,0.0
30.98,1,0.0
31.0,2,50.0
31.04,2,0.0
31.12,1,0.0
32.0,2,50.0
32.04,2,50.0
32.1,1,0.0
32.12,1,100.0
32.96,1,0.0
32.98,1,0.0
33.0,1,100.0
33.1,1,0.0
33.12,1,0.0
33.98,1,100.0
34.0,1,0.0
34.04,1,0.0
34.98,1,0.0
35.0,1,100.0
35.04,1,0.0
35.1,1,0.0
35.12,1,100.0
35.98,2,50.0
36.0,1,100.0
36.04,3,0.0
36.06,1,0.0
36.12,1,100.0
37.0,2,0.0
37.04,7,28.57142857142857
37.1,1,0.0
37.12,1,0.0
37.98,1,100.0
38.0,3,33.33333333333333
38.04,3,33.33333333333333
38.12,2,50.0
39.0,1,100.0
39.04,3,33.33333333333333
39.1,1,0.0
39.12,2,100.0
40.0,2,0.0
40.04,2,50.0
40.12,1,0.0
40.98,1,0.0
41.0,1,0.0
41.04,2,0.0
41.06,1,0.0
41.12,2,0.0
41.98,1,0.0
42.0,1,0.0
42.04,5,40.0
43.0,1,100.0
43.04,5,60.0
43.12,2,100.0
43.96,1,0.0
43.98,1,0.0
44.0,2,100.0
44.04,2,0.0
44.08,1,0.0
44.12,2,50.0
44.96,8,12.5
44.98,8,12.5
45.0,9,0.0
45.02,1,0.0
45.04,5,40.0
45.08,2,0.0
45.1,2,0.0
45.12,1,0.0
45.17,1,0.0
45.92,1,0.0
45.94,4,0.0
45.96,11,9.090909090909092
45.97,1,0.0
45.98,4,0.0
46.0,6,16.666666666666664
46.02,2,0.0
46.04,6,0.0
46.08,5,0.0
46.1,1,0.0
46.12,2,100.0
46.96,1,0.0
46.98,1,100.0
47.0,1,100.0
47.04,1,0.0
47.12,2,0.0
47.96,2,0.0
48.0,3,0.0
48.08,1,100.0
48.96,3,66.66666666666666
48.98,1,0.0
49.0,1,0.0
49.08,1,0.0
49.12,1,0.0
49.96,1,0.0
50.0,4,25.0
50.12,3,66.66666666666666
50.96,2,50.0
51.0,2,100.0
51.12,5,0.0
51.94,4,0.0
51.96,2,50.0
51.97,1,100.0
51.98,1,0.0
52.0,4,25.0
52.06,2,0.0
52.12,4,50.0
53.0,3,0.0
53.12,3,66.66666666666666
53.96,2,50.0
54.0,3,33.33333333333333
54.12,3,33.33333333333333
54.96,3,66.66666666666666
55.0,3,33.33333333333333
55.04,1,0.0
55.08,1,0.0
55.12,3,66.66666666666666
55.98,1,100.0
56.0,2,0.0
56.04,2,50.0
56.12,3,100.0
56.96,2,50.0
57.0,1,100.0
57.04,2,50.0
57.12,3,33.33333333333333
57.98,1,0.0
58.0,3,33.33333333333333
58.04,1,100.0
58.08,1,0.0
58.12,3,0.0
58.17,1,0.0
58.96,2,0.0
59.0,4,25.0
59.02,1,0.0
59.04,3,0.0
59.06,1,0.0
59.12,2,100.0
59.98,1,100.0
60.0,2,0.0
60.02,1,100.0
60.04,4,75.0
60.06,1,0.0
60.12,2,50.0
60.29,1,0.0
60.67,1,0.0
60.69,1,0.0
60.79,2,0.0
60.81,1,0.0
60.83,1,0.0
61.0,2,100.0
61.02,2,0.0
61.04,1,0.0
61.06,2,50.0
61.12,1,0.0
61.98,1,0.0
62.0,1,0.0
62.04,2,0.0
62.08,1,0.0
62.12,2,50.0
62.98,1,0.0
63.0,1,0.0
63.02,1,100.0
63.04,2,100.0
63.06,1,0.0
63.12,1,100.0
63.96,1,0.0
64.02,1,0.0
64.04,2,100.0
64.06,1,0.0
64.12,3,0.0
64.96,1,100.0
64.98,1,100.0
65.0,1,0.0
65.02,2,0.0
65.04,1,0.0
65.08,1,0.0
65.12,4,25.0
65.96,2,0.0
66.0,1,0.0
66.02,2,0.0
66.04,2,50.0
66.06,1,0.0
66.08,1,0.0
66.12,2,0.0
67.0,1,100.0
67.02,3,33.33333333333333
67.04,2,0.0
67.06,1,100.0
67.12,1,0.0
67.96,1,0.0
68.0,1,0.0
68.02,1,0.0
68.04,2,0.0
68.06,1,0.0
68.1,1,0.0
68.12,1,100.0
68.96,2,50.0
69.0,2,0.0
69.02,2,50.0
69.04,1,100.0
69.08,1,0.0
69.1,1,0.0
69.12,2,0.0
69.96,2,50.0
70.0,4,0.0
70.02,2,100.0
70.04,2,0.0
70.06,1,0.0
70.1,1,0.0
70.12,1,0.0
70.96,2,50.0
71.0,2,0.0
71.02,2,0.0
71.04,1,100.0
71.12,3,66.66666666666666
71.96,1,0.0
72.0,2,50.0
72.04,2,50.0
72.06,1,100.0
72.1,1,0.0
72.12,2,0.0
72.96,3,0.0
73.0,2,0.0
73.02,2,50.0
73.12,1,0.0
74.0,2,50.0
74.02,2,0.0
74.04,1,0.0
74.96,1,100.0
75.0,1,100.0
75.12,1,100.0
76.0,1,0.0
76.02,2,50.0
77.0,1,100.0
77.04,2,0.0
77.12,1,0.0
78.0,1,0.0
78.02,1,100.0
78.04,3,66.66666666666666
78.12,1,0.0
79.0,1,100.0
79.02,1,0.0
79.04,2,50.0
80.04,2,0.0
80.06,2,0.0
81.04,1,0.0
81.06,1,0.0
81.1,1,100.0
82.02,1,100.0
82.04,1,100.0
82.79,1,0.0
83.0,19,0.0
83.02,1,0.0
83.04,8,0.0
83.06,3,33.33333333333333
83.08,6,0.0
83.1,1,0.0
83.12,16,0.0
83.15,1,0.0
83.17,2,0.0
83.19,3,0.0
83.23,2,0.0
84.02,2,50.0
84.04,2,100.0
84.06,1,100.0
84.1,1,100.0
87.0,1,0.0
